Workbook

Sheet ucty_utf8
A1: číslo účtu | B1: Popis | C1: Poznámka
A2: SK9681800000007000450038 | B2: Príjmový účtet v Štátnej pokladnici: | C2: =VLOOKUP(A2,List1!B:C,2,0) -> Colný úrad - Vymáhanie pohľadávok v zahraničí
A3: SK4281800000007000552763 | B3: Príjmový účtet v Štátnej pokladnici: | C3: =VLOOKUP(A3,List1!B:C,2,0) -> Colný úrad - Exekučný účet
A4: SK3481800000007000450281 | B4: Príjmový účtet v Štátnej pokladnici: | C4: =VLOOKUP(A4,List1!B:C,2,0) -> Colné a daňové príjmy pobočka Banská Bystrica
A5: SK4981800000007000450302 | B5: Príjmový účtet v Štátnej pokladnici: | C5: =VLOOKUP(A5,List1!B:C,2,0) -> Depozit - colná zábezpeka pobočka Banská Bystrica
A6: SK9681800000007000450329 | B6: Príjmový účtet v Štátnej pokladnici: | C6: =VLOOKUP(A6,List1!B:C,2,0) -> Colné a daňové príjmy pobočka Bratislava
A7: SK7481800000007000450337 | B7: Príjmový účtet v Štátnej pokladnici: | C7: =VLOOKUP(A7,List1!B:C,2,0) -> Depozit - colná zábezpeka pobočka Bratislava
A8: SK3081800000007000450353 | B8: Príjmový účtet v Štátnej pokladnici: | C8: =VLOOKUP(A8,List1!B:C,2,0) -> Colné a daňové príjmy pobočka Michalovce
A9: SK0881800000007000450361 | B9: Príjmový účtet v Štátnej pokladnici: | C9: =VLOOKUP(A9,List1!B:C,2,0) -> Depozit - colná zábezpeka pobočka Michalovce
A10: SK3381800000007000450396 | B10: Príjmový účtet v Štátnej pokladnici: | C10: =VLOOKUP(A10,List1!B:C,2,0) -> Colné a daňové príjmy pobočka Košice
A11: SK7081800000007000450409 | B11: Príjmový účtet v Štátnej pokladnici: | C11: =VLOOKUP(A11,List1!B:C,2,0) -> Depozit - colná zábezpeka pobočka Košice
A12: SK2681800000007000450425 | B12: Príjmový účtet v Štátnej pokladnici: | C12: =VLOOKUP(A12,List1!B:C,2,0) -> Colné a daňové príjmy pobočka Trnava
A13: SK0481800000007000450433 | B13: Príjmový účtet v Štátnej pokladnici: | C13: =VLOOKUP(A13,List1!B:C,2,0) -> Depozit - colná zábezpeka pobočka Trnava
... A107: SK5481800000007000617731 | B107: Príjmový účtet v Štátnej pokladnici: | C107: =VLOOKUP(A107,List1!B:C,2,0) -> účet v Štátnej pokladnici, na ktoré smerujú platby oslobodené od transakčnej dane s účinnosťou od 15.5.2025
A108: SK7681800000007000447197 | B108: účtet podľa § 4 ods. 2 písm. k) zákona | D108: =VLOOKUP(A108,List1!B:C,2,0) -> #N/A
A109: SK2581800000007000536288 | B109: účtet podľa § 4 ods. 2 písm. k) zákona | D109: =VLOOKUP(A109,List1!B:C,2,0) -> #N/A
A110: SK7581800000007000536261 | B110: účtet podľa § 4 ods. 2 písm. k) zákona | D110: =VLOOKUP(A110,List1!B:C,2,0) -> #N/A
A111: SK9781800000007000536253 | B111: účtet podľa § 4 ods. 2 písm. k) zákona | D111: =VLOOKUP(A111,List1!B:C,2,0) -> #N/A
A112: SK2281800000007000536245 | B112: účtet podľa § 4 ods. 2 písm. k) zákona | D112: =VLOOKUP(A112,List1!B:C,2,0) -> #N/A
A113: SK3981800000007000538267 | B113: účtet podľa § 4 ods. 2 písm. k) zákona | D113: =VLOOKUP(A113,List1!B:C,2,0) -> #N/A
A114: SK1781800000007000538275 | B114: účtet podľa § 4 ods. 2 písm. k) zákona | C114: =VLOOKUP(A114,List1!B:C,2,0) -> Účet pre odvody na základe rozhodnutí Úradu vládneho auditu (ÚVA) a účtov certifikačného orgánu pre nezrovnalosti a vratky. Platobná jednotka - Ministerstvo hospodárstva. Účet pre ÚVA BA
A115: SK9281800000007000538283 | B115: účtet podľa § 4 ods. 2 písm. k) zákona | C115: =VLOOKUP(A115,List1!B:C,2,0) -> Účet pre odvody na základe rozhodnutí Úradu vládneho auditu (ÚVA) a účtov certifikačného orgánu pre nezrovnalosti a vratky. Platobná jednotka - Ministerstvo hospodárstva. Účet pre ÚVA ZV
A116: SK1081800000007000538304 | B116: účtet podľa § 4 ods. 2 písm. k) zákona | C116: =VLOOKUP(A116,List1!B:C,2,0) -> Účet pre odvody na základe rozhodnutí Úradu vládneho auditu (ÚVA) a účtov certifikačného orgánu pre nezrovnalosti a vratky. Platobná jednotka - Ministerstvo hospodárstva. Účet pre ÚVA KE
A117: SK8581800000007000538312 | B117: účtet podľa § 4 ods. 2 písm. k) zákona | D117: =VLOOKUP(A117,List1!B:C,2,0) -> #N/A
A118: SK5781800000007000678884 | B118: účtet podľa § 4 ods. 2 písm. k) zákona | D118: =VLOOKUP(A118,List1!B:C,2,0) -> #N/A
A119: SK3581800000007000678892 | B119: účtet podľa § 4 ods. 2 písm. k) zákona | D119: =VLOOKUP(A119,List1!B:C,2,0) -> #N/A
A120: SK7681800000007000679027 | B120: účtet podľa § 4 ods. 2 písm. k) zákona | D120: =VLOOKUP(A120,List1!B:C,2,0) -> #N/A
A121: SK3181800000007000693320 | B121: účtet podľa § 4 ods. 2 písm. k) zákona | D121: =VLOOKUP(A121,List1!B:C,2,0) -> #N/A
A122: SK6481800000007000584765 | B122: účtet podľa § 4 ods. 2 písm. k) zákona | D122: =VLOOKUP(A122,List1!B:C,2,0) -> #N/A
A123: SK0681800000007000687465 | B123: účtet podľa § 4 ods. 2 písm. k) zákona | D123: =VLOOKUP(A123,List1!B:C,2,0) -> #N/A
A124: SK8981800000007000539307 | B124: účtet podľa § 4 ods. 2 písm. k) zákona | D124: =VLOOKUP(A124,List1!B:C,2,0) -> #N/A
A125: SK6781800000007000539315 | B125: účtet podľa § 4 ods. 2 písm. k) zákona | C125: =VLOOKUP(A125,List1!B:C,2,0) -> Účet pre odvody na základe rozhodnutí Úradu vládneho auditu (ÚVA) a účtov certifikačného orgánu pre nezrovnalosti a vratky. Platobná jednotka - Ministerstvo vnútra. Účet pre ÚVA BA
A126: SK4581800000007000539323 | B126: účtet podľa § 4 ods. 2 písm. k) zákona | C126: =VLOOKUP(A126,List1!B:C,2,0) -> Účet pre odvody na základe rozhodnutí Úradu vládneho auditu (ÚVA) a účtov certifikačného orgánu pre nezrovnalosti a vratky. Platobná jednotka - Ministerstvo vnútra. Účet pre ÚVA ZV
A127: SK2381800000007000539331 | B127: účtet podľa § 4 ods. 2 písm. k) zákona | C127: =VLOOKUP(A127,List1!B:C,2,0) -> Účet pre odvody na základe rozhodnutí Úradu vládneho auditu (ÚVA) a účtov certifikačného orgánu pre nezrovnalosti a vratky. Platobná jednotka - Ministerstvo vnútra. Účet pre ÚVA KE
A128: SK6181800000007000523030 | B128: účtet podľa § 4 ods. 2 písm. k) zákona | D128: =VLOOKUP(A128,List1!B:C,2,0) -> #N/A
A129: SK2681800000007000678569 | B129: účtet podľa § 4 ods. 2 písm. k) zákona | D129: =VLOOKUP(A129,List1!B:C,2,0) -> #N/A
A130: SK2381800000007000678526 | B130: účtet podľa § 4 ods. 2 písm. k) zákona | D130: =VLOOKUP(A130,List1!B:C,2,0) -> #N/A
A131: SK3081800000007000678497 | B131: účtet podľa § 4 ods. 2 písm. k) zákona | D131: =VLOOKUP(A131,List1!B:C,2,0) -> #N/A
A132: SK1281800000007000661943 | B132: účtet podľa § 4 ods. 2 písm. k) zákona | D132: =VLOOKUP(A132,List1!B:C,2,0) -> #N/A
A133: SK4381800000007000535867 | B133: účtet podľa § 4 ods. 2 písm. k) zákona | D133: =VLOOKUP(A133,List1!B:C,2,0) -> #N/A
A134: SK4881800000007000426070 | B134: účtet podľa § 4 ods. 2 písm. k) zákona | D134: =VLOOKUP(A134,List1!B:C,2,0) -> #N/A
A135: SK2181800000007000535875 | B135: účtet podľa § 4 ods. 2 písm. k) zákona | D135: =VLOOKUP(A135,List1!B:C,2,0) -> #N/A
A136: SK9681800000007000535883 | B136: účtet podľa § 4 ods. 2 písm. k) zákona | D136: =VLOOKUP(A136,List1!B:C,2,0) -> #N/A
A137: SK7481800000007000535891 | B137: účtet podľa § 4 ods. 2 písm. k) zákona | D137: =VLOOKUP(A137,List1!B:C,2,0) -> #N/A
A138: SK7181800000007000536624 | B138: účtet podľa § 4 ods. 2 písm. k) zákona | D138: =VLOOKUP(A138,List1!B:C,2,0) -> #N/A
A139: SK6781800000007000536114 | B139: účtet podľa § 4 ods. 2 písm. k) zákona | D139: =VLOOKUP(A139,List1!B:C,2,0) -> #N/A
A140: SK4981800000007000536632 | B140: účtet podľa § 4 ods. 2 písm. k) zákona | C140: =VLOOKUP(A140,List1!B:C,2,0) -> Účet pre odvody na základe rozhodnutí Úradu vládneho auditu (ÚVA) a účtov certifikačného orgánu pre nezrovnalosti a vratky. Platobná jednotka - Ministerstvo životného prostredia. Účet pre ÚVA BA
A141: SK2781800000007000536640 | B141: účtet podľa § 4 ods. 2 písm. k) zákona | C141: =VLOOKUP(A141,List1!B:C,2,0) -> Účet pre odvody na základe rozhodnutí Úradu vládneho auditu (ÚVA) a účtov certifikačného orgánu pre nezrovnalosti a vratky. Platobná jednotka - Ministerstvo životného prostredia. Účet pre ÚVA ZV
A142: SK9681800000007000536659 | B142: účtet podľa § 4 ods. 2 písm. k) zákona | C142: =VLOOKUP(A142,List1!B:C,2,0) -> Účet pre odvody na základe rozhodnutí Úradu vládneho auditu (ÚVA) a účtov certifikačného orgánu pre nezrovnalosti a vratky. Platobná jednotka - Ministerstvo životného prostredia. Účet pre ÚVA KE
A143: SK1381800000007000679094 | B143: účtet podľa § 4 ods. 2 písm. k) zákona | D143: =VLOOKUP(A143,List1!B:C,2,0) -> #N/A
A144: SK2881800000007000679115 | B144: účtet podľa § 4 ods. 2 písm. k) zákona | D144: =VLOOKUP(A144,List1!B:C,2,0) -> #N/A
A145: SK5081800000007000679107 | B145: účtet podľa § 4 ods. 2 písm. k) zákona | D145: =VLOOKUP(A145,List1!B:C,2,0) -> #N/A
A146: SK3581800000007000388959 | B146: účtet podľa § 4 ods. 2 písm. k) zákona | D146: =VLOOKUP(A146,List1!B:C,2,0) -> #N/A
A147: SK5681800000007000693937 | B147: účtet podľa § 4 ods. 2 písm. k) zákona | D147: =VLOOKUP(A147,List1!B:C,2,0) -> #N/A
A148: SK2181800000007000582241 | B148: účtet podľa § 4 ods. 2 písm. k) zákona | C148: =VLOOKUP(A148,List1!B:C,2,0) -> Účet Finančného mechanizmu EHP na projekty
A149: SK2481800000007000582284 | B149: účtet podľa § 4 ods. 2 písm. k) zákona | C149: =VLOOKUP(A149,List1!B:C,2,0) -> Účet Nórskeho finančného mechanizmu na projekty
A150: SK4681800000007000582276 | B150: účtet podľa § 4 ods. 2 písm. k) zákona | C150: =VLOOKUP(A150,List1!B:C,2,0) -> Účet ŠR SR na spolufinancovanie Finančného mechanizmu EHP
A151: SK3981800000007000582305 | B151: účtet podľa § 4 ods. 2 písm. k) zákona | C151: =VLOOKUP(A151,List1!B:C,2,0) -> Účet ŠR SR na spolufinancovanie Nórskeho finančného mechanizmu
A152: SK0681800000007000615103 | B152: účtet podľa § 4 ods. 2 písm. k) zákona | C152: =VLOOKUP(A152,List1!B:C,2,0) -> Účet Finančného mechanizmu EHP – bilaterálne aktivity
A153: SK8181800000007000615111 | B153: účtet podľa § 4 ods. 2 písm. k) zákona | C153: =VLOOKUP(A153,List1!B:C,2,0) -> Účet Nórskeho fin. mechanizmu – bilaterálne aktivity
A154: SK4481800000007000389185 | B154: účtet podľa § 4 ods. 2 písm. k) zákona | D154: =VLOOKUP(A154,List1!B:C,2,0) -> #N/A
A155: SK0381800000007000156541 | B155: účtet podľa § 4 ods. 2 písm. k) zákona | C155: =VLOOKUP(A155,List1!B:C,2,0) -> Účet Pôdohospodárskej platobnej agentúry - Vrátenie finančných prostriedkov vyplatené zo zdroja EÚ - EPUZF
A156: SK6781800000007000535920 | B156: účtet podľa § 4 ods. 2 písm. k) zákona | C156: =VLOOKUP(A156,List1!B:C,2,0) -> Účet Pôdohospodárskej platobnej agentúry - Príjem z odvodov za porušenie finančnej disciplíny z rozhodnutia Správy finančnej kontroly Bratislava
A157: SK1781800000007000535947 | B157: účtet podľa § 4 ods. 2 písm. k) zákona | C157: =VLOOKUP(A157,List1!B:C,2,0) -> Účet Pôdohospodárskej platobnej agentúry - Príjem z odvodov za porušenie finančnej disciplíny z rozhodnutia Správy finančnej kontroly Košice
A158: SK9381800000007000322925 | B158: účtet podľa § 4 ods. 2 písm. k) zákona | C158: =VLOOKUP(A158,List1!B:C,2,0) -> Účet Pôdohospodárskej platobnej agentúry - Finančné prostriedky vyplatené zo zdroja EÚ
A159: SK8681800000007000071142 | B159: účtet podľa § 4 ods. 2 písm. k) zákona | C159: =VLOOKUP(A159,List1!B:C,2,0) -> Účet Pôdohospodárskej platobnej agentúry - Finančné prostriedky spolufinancovania zo štátneho rozpočtu vyplatené v príslušnom kalendárnom roku
A160: SK5281800000007000322984 | B160: účtet podľa § 4 ods. 2 písm. k) zákona | C160: =VLOOKUP(A160,List1!B:C,2,0) -> Účet Pôdohospodárskej platobnej agentúry - Finančné prostriedky spolufinancovania zo štátneho rozpočtu vyplatené v minulých rokoch
A161: SK8981800000007000535912 | B161: účtet podľa § 4 ods. 2 písm. k) zákona | C161: =VLOOKUP(A161,List1!B:C,2,0) -> Účet Pôdohospodárskej platobnej agentúry - Finančné prostriedky spolufinancovania zo štátneho rozpočtu
A162: SK3981800000007000535939 | B162: účtet podľa § 4 ods. 2 písm. k) zákona | C162: =VLOOKUP(A162,List1!B:C,2,0) -> Účet Pôdohospodárskej platobnej agentúry - Príjem z odvodov za porušenie finančnej disciplíny z rozhodnutia Správy finančnej kontroly Zvolen
A163: SK2881800000007000447285 | B163: účtet podľa § 4 ods. 2 písm. k) zákona | D163: =VLOOKUP(A163,List1!B:C,2,0) -> #N/A
A164: SK6681800000007000538654 | B164: účtet podľa § 4 ods. 2 písm. k) zákona | C164: =VLOOKUP(A164,List1!B:C,2,0) -> Účet pre odvody na základe rozhodnutí Úradu vládneho auditu (ÚVA) a účtov certifikačného orgánu pre nezrovnalosti a vratky. Platobná jednotka - Pôdohospodárska platobná agentúra. Účet pre ÚVA BA
A165: SK4481800000007000538662 | B165: účtet podľa § 4 ods. 2 písm. k) zákona | C165: =VLOOKUP(A165,List1!B:C,2,0) -> Účet pre odvody na základe rozhodnutí Úradu vládneho auditu (ÚVA) a účtov certifikačného orgánu pre nezrovnalosti a vratky. Platobná jednotka - Pôdohospodárska platobná agentúra. Účet pre ÚVA ZV
A166: SK2281800000007000538670 | B166: účtet podľa § 4 ods. 2 písm. k) zákona | C166: =VLOOKUP(A166,List1!B:C,2,0) -> Účet pre odvody na základe rozhodnutí Úradu vládneho auditu (ÚVA) a účtov certifikačného orgánu pre nezrovnalosti a vratky. Platobná jednotka - Pôdohospodárska platobná agentúra. Účet pre ÚVA KE
A167: SK1381800000007000538638 | B167: účtet podľa § 4 ods. 2 písm. k) zákona | D167: =VLOOKUP(A167,List1!B:C,2,0) -> #N/A
A168: SK6281800000007000538726 | B168: účtet podľa § 4 ods. 2 písm. k) zákona | D168: =VLOOKUP(A168,List1!B:C,2,0) -> #N/A
A169: SK6481800000007000694569 | B169: účtet podľa § 4 ods. 2 písm. k) zákona | D169: =VLOOKUP(A169,List1!B:C,2,0) -> #N/A
A170: SK2081800000007000694585 | B170: účtet podľa § 4 ods. 2 písm. k) zákona | D170: =VLOOKUP(A170,List1!B:C,2,0) -> #N/A
A171: SK4281800000007000694577 | B171: účtet podľa § 4 ods. 2 písm. k) zákona | D171: =VLOOKUP(A171,List1!B:C,2,0) -> #N/A
A172: SK8381800000007000245990 | B172: účtet podľa § 4 ods. 2 písm. k) zákona | C172: =VLOOKUP(A172,List1!B:C,2,0) -> Účet Pôdohospodárskej platobnej agentúry - Finančné prostriedky vyplatené zo zdroja EÚ - SOP PaRV
A173: SK7481800000007000325886 | B173: účtet podľa § 4 ods. 2 písm. k) zákona | C173: =VLOOKUP(A173,List1!B:C,2,0) -> Príjmový účet ŠR Ministerstva financií SR
A174: SK1881800000007000536026 | B174: účtet podľa § 4 ods. 2 písm. k) zákona | D174: =VLOOKUP(A174,List1!B:C,2,0) -> #N/A
A175: SK9381800000007000536034 | B175: účtet podľa § 4 ods. 2 písm. k) zákona | D175: =VLOOKUP(A175,List1!B:C,2,0) -> #N/A
A176: SK7181800000007000536042 | B176: účtet podľa § 4 ods. 2 písm. k) zákona | D176: =VLOOKUP(A176,List1!B:C,2,0) -> #N/A
A177: SK4981800000007000536050 | B177: účtet podľa § 4 ods. 2 písm. k) zákona | C177: =VLOOKUP(A177,List1!B:C,2,0) -> Účet pre odvody na základe rozhodnutí Úradu vládneho auditu (ÚVA) a účtov certifikačného orgánu pre nezrovnalosti a vratky. Platobná jednotka - Ministerstvo financií. Účet pre ÚVA BA
A178: SK2181800000007000536069 | B178: účtet podľa § 4 ods. 2 písm. k) zákona | C178: =VLOOKUP(A178,List1!B:C,2,0) -> Účet pre odvody na základe rozhodnutí Úradu vládneho auditu (ÚVA) a účtov certifikačného orgánu pre nezrovnalosti a vratky. Platobná jednotka - Ministerstvo financií. Účet pre ÚVA ZV
A179: SK9681800000007000536077 | B179: účtet podľa § 4 ods. 2 písm. k) zákona | C179: =VLOOKUP(A179,List1!B:C,2,0) -> Účet pre odvody na základe rozhodnutí Úradu vládneho auditu (ÚVA) a účtov certifikačného orgánu pre nezrovnalosti a vratky. Platobná jednotka - Ministerstvo financií. Účet pre ÚVA KE
A180: SK1881800000007000536317 | B180: účtet podľa § 4 ods. 2 písm. k) zákona | C180: =VLOOKUP(A180,List1!B:C,2,0) -> Nezrovnalosti a iné vratky za zdroje EÚ a ŠR PRO 2014 -2020: EÚ zdroj
A181: SK7981800000007000678294 | B181: účtet podľa § 4 ods. 2 písm. k) zákona | D181: =VLOOKUP(A181,List1!B:C,2,0) -> #N/A
A182: SK9481800000007000678315 | B182: účtet podľa § 4 ods. 2 písm. k) zákona | D182: =VLOOKUP(A182,List1!B:C,2,0) -> #N/A
A183: SK6381800000007000301737 | B183: účtet podľa § 4 ods. 2 písm. k) zákona | D183: =VLOOKUP(A183,List1!B:C,2,0) -> #N/A
A184: SK6981800000007000443831 | B184: účtet podľa § 4 ods. 2 písm. k) zákona | D184: =VLOOKUP(A184,List1!B:C,2,0) -> #N/A
A185: SK1681800000007000570400 | B185: účtet podľa § 4 ods. 2 písm. k) zákona | D185: =VLOOKUP(A185,List1!B:C,2,0) -> #N/A
A186: SK9681800000007000648597 | B186: účtet podľa § 4 ods. 2 písm. k) zákona | D186: =VLOOKUP(A186,List1!B:C,2,0) -> #N/A
A187: SK9081800000007000648802 | B187: účtet podľa § 4 ods. 2 písm. k) zákona | D187: =VLOOKUP(A187,List1!B:C,2,0) -> #N/A
A188: SK4281800000007000686526 | B188: účtet podľa § 4 ods. 2 písm. k) zákona | D188: =VLOOKUP(A188,List1!B:C,2,0) -> #N/A
A189: SK4981800000007000648861 | B189: účtet podľa § 4 ods. 2 písm. k) zákona | D189: =VLOOKUP(A189,List1!B:C,2,0) -> #N/A
A190: SK2081800000007000686534 | B190: účtet podľa § 4 ods. 2 písm. k) zákona | D190: =VLOOKUP(A190,List1!B:C,2,0) -> #N/A
A191: SK1481800000007000648909 | B191: účtet podľa § 4 ods. 2 písm. k) zákona | D191: =VLOOKUP(A191,List1!B:C,2,0) -> #N/A
A192: SK4581800000007000648933 | B192: účtet podľa § 4 ods. 2 písm. k) zákona | D192: =VLOOKUP(A192,List1!B:C,2,0) -> #N/A
... A223: SK5781800000007000649493 | B223: účtet podľa § 4 ods. 2 písm. k) zákona | D223: =VLOOKUP(A223,List1!B:C,2,0) -> #N/A
...

Sheet List1
B1: Dane z príjmov
B2: Predčíslie príjmového účtu v Štátnej pokladnici | C2: Účel
B3: 500208 | C3: Predčíslie príjmového účtu v Štátnej pokladnici - Daň z príjmu fyzickej osoby - rezident
B4: 500216 | C4: Predčíslie príjmového účtu v Štátnej pokladnici - Daň z príjmu fyzickej osoby - nerezident
B5: 500224 | C5: Predčíslie príjmového účtu v Štátnej pokladnici - Daň z príjmov právnickej osoby so sídlom v tuzemsku
B6: 500232 | C6: Predčíslie príjmového účtu v Štátnej pokladnici - Daň z príjmov právnickej osoby so sídlom v zahraničí
B7: 500259 | C7: Predčíslie príjmového účtu v Štátnej pokladnici - Daň z príjmov fyzických osôb zo závislej činnosti
B8: 500267 | C8: Predčíslie príjmového účtu v Štátnej pokladnici - Daň z príjmov vyberaná zrážkou
B9: 501120 | C9: Predčíslie príjmového účtu v Štátnej pokladnici - Zabezpečenie dane na DPFO
B10: 501139 | C10: Predčíslie príjmového účtu v Štátnej pokladnici - Zabezpečenie dane na DPPO
B12: Spotrebné dane (SPD)
B13: Predčíslie príjmového účtu v Štátnej pokladnici | C13: Účel
B14: 500005 | C14: Predčíslie príjmového účtu v Štátnej pokladnici - SPD z elektriny tuzemsko C
B15: 500013 | C15: Predčíslie príjmového účtu v Štátnej pokladnici - SPD z minerálnych olejov – tuzemsko C
B16: 500021 | C16: Predčíslie príjmového účtu v Štátnej pokladnici - SPD z liehu – tuzemsko C
B17: 500048 | C17: Predčíslie príjmového účtu v Štátnej pokladnici - SPD z piva – tuzemsko C
B18: 500056 | C18: Predčíslie príjmového účtu v Štátnej pokladnici - SPD z tabakových výrobkov – tuzemsko C
B19: 500064 | C19: Predčíslie príjmového účtu v Štátnej pokladnici - DSPD z uhlia - tuzemsko C
B20: 500072 | C20: Predčíslie príjmového účtu v Štátnej pokladnici - SPD z vína – tuzemsko C
B21: 500080 | C21: Predčíslie príjmového účtu v Štátnej pokladnici - SPD zo zemného plynu – tuzemsko C
B23: Depozit – daňová zábezpeka na SPD
B24: Predčíslie príjmového účtu v Štátnej pokladnici | C24: Účel
B25: 500101 | C25: Predčíslie príjmového účtu v Štátnej pokladnici - Depozit – daňová zábezpeka všetkých SPD Banská Bystrica
B26: 500128 | C26: Predčíslie príjmového účtu v Štátnej pokladnici - Depozit – daňová zábezpeka všetkých SPD Bratislava
B27: 500136 | C27: Predčíslie príjmového účtu v Štátnej pokladnici - Depozit – daňová zábezpeka všetkých SPD Michalovce
B28: 500144 | C28: Predčíslie príjmového účtu v Štátnej pokladnici - Depozit – daňová zábezpeka všetkých SPD Košice
B29: 500152 | C29: Predčíslie príjmového účtu v Štátnej pokladnici - Depozit – daňová zábezpeka všetkých SPD Trnava
B30: 500160 | C30: Predčíslie príjmového účtu v Štátnej pokladnici - Depozit – daňová zábezpeka všetkých SPD Žilina
B31: 500179 | C31: Predčíslie príjmového účtu v Štátnej pokladnici - Depozit – daňová zábezpeka všetkých SPD Nitra
B32: 500187 | C32: Predčíslie príjmového účtu v Štátnej pokladnici - Depozit – daňová zábezpeka všetkých SPD Prešov
B33: 500195 | C33: Predčíslie príjmového účtu v Štátnej pokladnici - Depozit – daňová zábezpeka všetkých SPD Trenčín
B35: Iné dane
B36: Predčíslie príjmového účtu v Štátnej pokladnici | C36: Účel
B37: 500240 | C37: Predčíslie príjmového účtu v Štátnej pokladnici - Daň z pridanej hodnoty
B38: 500398 | C38: Predčíslie príjmového účtu v Štátnej pokladnici - Daň z pridanej hodnoty z elektronických služieb
B39: 501163 | C39: Predčíslie príjmového účtu v Štátnej pokladnici - Daň z motorových vozidiel
B40: 501403 | C40: Predčíslie príjmového účtu v Štátnej pokladnici - Daň z finančných transakcií
B41: 501390 | C41: Predčíslie príjmového účtu v Štátnej pokladnici - Daň z poistenia
B42: 501219 | C42: Predčíslie príjmového účtu v Štátnej pokladnici - Daň zo sladených nealkoholických nápojov
B43: 501278 | C43: Predčíslie príjmového účtu v Štátnej pokladnici - Zábezpeka na DPH pre všetky CÚ
C45: Odvody a iné účely
B46: Predčíslie príjmového účtu v Štátnej pokladnici | C46: Účel
B48: 500806 | C48: Predčíslie príjmového účtu v Štátnej pokladnici - Odvod pokút uložených v súdnom konaní vykonávaný súdmi
B49: 500822 | C49: Predčíslie príjmového účtu v Štátnej pokladnici - Odvod výnosov z poskytnutých prostriedkov ŠR obciam vykonávaný obcami
B50: 501382 | C50: Predčíslie príjmového účtu v Štátnej pokladnici - Osobitný odvod z podnikania v regulovaných odvetviach
B51: 501374 | C51: Predčíslie príjmového účtu v Štátnej pokladnici - Odvod časti poistného
B52: 501198 | C52: Predčíslie príjmového účtu v Štátnej pokladnici - Odvod z nadmerných príjmov
B53: 500689 | C53: Predčíslie príjmového účtu v Štátnej pokladnici - Vratky prostriedkov poukázaných na verejnoprospešný účel
B54: 501366 | C54: Predčíslie príjmového účtu v Štátnej pokladnici - Solidárny príspevok
B56: Ďalšie predčíslia účtov, na ktoré smerujú platby oslobodené od transakčnej dane
B57: 500363 | C57: Predčíslie príjmového účtu v Štátnej pokladnici - Daň z emisných kvót
B58: 500697 | C58: bez popisu
B59: 500881 | C59: bez popisu
B60: 501059 | C60: bez popisu
B61: 500427 | C61: bez popisu
B62: 500718 | C62: bez popisu
B63: 500902 | C63: bez popisu
B64: 501067 | C64: bez popisu
B65: 500443 | C65: bez popisu
B66: 500734 | C66: bez popisu
B67: 500910 | C67: bez popisu
B68: 501083 | C68: bez popisu
... B84: 501243 | C84: bez popisu
B86: Colné a daňové príjmy
B87: Číslo účtu | C87: Pobočka
B88: SK3481800000007000450281 | C88: Colné a daňové príjmy pobočka Banská Bystrica
B89: SK9681800000007000450329 | C89: Colné a daňové príjmy pobočka Bratislava
B90: SK3381800000007000450396 | C90: Colné a daňové príjmy pobočka Košice
B91: SK3081800000007000450353 | C91: Colné a daňové príjmy pobočka Michalovce
B92: SK6081800000007000450492 | C92: Colné a daňové príjmy pobočka Nitra
B93: SK5381800000007000450521 | C93: Colné a daňové príjmy pobočka Prešov
B94: SK5681800000007000450564 | C94: Colné a daňové príjmy pobočka Trenčín
B95: SK2681800000007000450425 | C95: Colné a daňové príjmy pobočka Trnava
B96: SK2981800000007000450468 | C96: Colné a daňové príjmy pobočka Žilina
B98: Depozit - colná zábezpeka
B99: Číslo účtu | C99: Pobočka
B100: SK4981800000007000450302 | C100: Depozit - colná zábezpeka pobočka Banská Bystrica
B101: SK7481800000007000450337 | C101: Depozit - colná zábezpeka pobočka Bratislava
B102: SK7081800000007000450409 | C102: Depozit - colná zábezpeka pobočka Košice
B103: SK0881800000007000450361 | C103: Depozit - colná zábezpeka pobočka Michalovce
B104: SK9781800000007000450505 | C104: Depozit - colná zábezpeka pobočka Nitra
B105: SK0381800000007000450548 | C105: Depozit - colná zábezpeka pobočka Prešov
B106: SK3481800000007000450572 | C106: Depozit - colná zábezpeka pobočka Trenčín
B107: SK0481800000007000450433 | C107: Depozit - colná zábezpeka pobočka Trnava
B108: SK0781800000007000450476 | C108: Depozit - colná zábezpeka pobočka Žilina
B110: Účty platné pre všetky colné úrady
B111: Číslo účtu | C111: Účel
B112: SK9681800000007000450038 | C112: Colný úrad - Vymáhanie pohľadávok v zahraničí
B113: SK4281800000007000552763 | C113: Colný úrad - Exekučný účet
B116: Sociálna poisťovňa – čísla účtov jednotlivých pobočiek
B118: Číslo účtu
B119: SK0281800000007000156365 | C119: Sociálna poisťovňa pobočka Banská Bystrica a Vysunuté pracovisko - Brezno
B120: SK7881800000007000156840 | C120: Sociálna poisťovňa pobočka Bardejov
B121: SK9181800000007000155733 | C121: Sociálna poisťovňa pobočka Bratislava
B122: SK2281800000007000164541 | C122: Sociálna poisťovňa pobočka Bratislava
B123: SK2581800000007000156242 | C123: Sociálna poisťovňa pobočka Čadca
B124: SK5081800000007000156277 | C124: Sociálna poisťovňa pobočka Dolný Kubín
B125: SK9081800000007000155848 | C125: Sociálna poisťovňa pobočka Dunajská Streda
B126: SK2481800000007000155872 | C126: Sociálna poisťovňa pobočka Galanta
B127: SK0681800000007000156875 | C127: Sociálna poisťovňa pobočka Humenné a Vysunuté pracovisko - Snina
...
